GOOD,107f24d6e9_F1BE1D4184INSPIRE
GOOD,11cdce7802_B6A62F8BE0INSPIRE
GOOD,12fa5e614f_53197F206FOPENPIPELINE
GOOD,130a76ebe1_68B40B480AOPENPIPELINE
GOOD,1476907971_CHADGRISMOPENPIPELINE
GOOD,1553541487_APIGENERATED
GOOD,1553541585_APIGENERATED
GOOD,1553627230_APIGENERATED
GOOD,15efe45820_D95DF0B1F4INSPIRE
GOOD,1726eb08ef_60693DB04DINSPIRE
GOOD,1d056881e8_29FEA32BC7INSPIRE
GOOD,1d4fbe33f3_F1BE1D4184INSPIRE
GOOD,1df70e7340_4413A67E91INSPIRE
GOOD,2552eb56dd_2AABB46C86OPENPIPELINE
GOOD,25f1c24f30_EB81FE6E2BOPENPIPELINE
GOOD,2ef3a4994a_0CCD105428INSPIRE
GOOD,2ef883f08d_F317F9C1DFOPENPIPELINE
GOOD,34fbf7c2bd_E8AD935CEDINSPIRE
GOOD,3502e187b2_23071E4605OPENPIPELINE
GOOD,39e77bedd0_729FB913CDOPENPIPELINE
GOOD,420d6b69b8_84B52814D2OPENPIPELINE
GOOD,520947aa07_8FCB044F58OPENPIPELINE
GOOD,551063e3c5_8FCB044F58INSPIRE
GOOD,57426ebe1e_84B52814D2OPENPIPELINE
GOOD,5fa39d6378_DB9FF730D9OPENPIPELINE
GOOD,6f93b9026b_F1BFB8B17DOPENPIPELINE
GOOD,7008b80b00_FF24A4975DINSPIRE
GOOD,74d7796531_EB81FE6E2BOPENPIPELINE
GOOD,7c719dfcc0_310490364FINSPIRE
GOOD,84410645db_8D20F02042OPENPIPELINE
GOOD,8710b98ea0_06E6522D6DINSPIRE
GOOD,888432f840_80E7FD39EBINSPIRE
GOOD,9170479165_625EDFBAB6OPENPIPELINE
GOOD,a1af86939f_F1BE1D4184OPENPIPELINE
GOOD,b61673f780_4413A67E91INSPIRE
GOOD,b705d0cc9c_E5F5E0E316OPENPIPELINE
GOOD,b771104de5_7E02A41EBEOPENPIPELINE
GOOD,c2e8370ca3_3340CAC7AEOPENPIPELINE
GOOD,c37dbfae2f_84B52814D2OPENPIPELINE
GOOD,c644f91210_27E21B7F30OPENPIPELINE
GOOD,c6d131e346_536DE05ED2OPENPIPELINE
GOOD,c8a7031e5f_32156F5DC2INSPIRE
GOOD,cc4b443c7d_A9CBEF2C97INSPIRE
GOOD,d06b2c67d2_2A62B67B52OPENPIPELINE
GOOD,d9161f7e18_C05BA1BC72OPENPIPELINE
GOOD,dabec5e872_E8AD935CEDINSPIRE
GOOD,e87da4ebdb_29FEA32BC7INSPIRE
GOOD,ebffe540d0_7BA042D858OPENPIPELINE
GOOD,ec09336a6f_06BA0AF311OPENPIPELINE
GOOD,f0747ed88d_E74C0DD8FDOPENPIPELINE
GOOD,f4dd768188_NOLANOPENPIPELINE
GOOD,f56b6b2232_2A62B67B52OPENPIPELINE
GOOD,f971256246_MIKEINSPIRE
GOOD,f9f43e5144_1DB9E6F68BINSPIRE
GOOD,fc5837dcf8_7CD52BE09EINSPIRE
